Symbol,Company_name,Face_value,Close ,Change_%,Open,High,Low,Avg_price,Volume,Turnover,No_of_trades,52_High,52_Min,Date
TVBETETF,FONDUL DESCHIS DE INVESTITII ETF BET PATRIA-TRADEVILLE,5,18.68,-0.23,18.85,18.898,18.65,18.7727,12134,227787.996,149,18.946,13.83,2023-01-01
TVBETETF,FONDUL DESCHIS DE INVESTITII ETF BET PATRIA-TRADEVILLE,5,18.4,0.69,18.25,18.44,18.25,18.327,6348,116339.824,149,18.946,15.428,2023-01-02
TVBETETF,FONDUL DESCHIS DE INVESTITII ETF BET PATRIA-TRADEVILLE,5,17.344,0.0,17.45,17.63,17.344,17.3923,3518,61186.4,51,18.946,15.64,2023-01-03
TVBETETF,FONDUL DESCHIS DE INVESTITII ETF BET PATRIA-TRADEVILLE,5,17.42,0.81,17.432,17.45,17.3,17.4057,4018,69936.152,47,18.946,15.64,2023-01-04
TVBETETF,FONDUL DESCHIS DE INVESTITII ETF BET PATRIA-TRADEVILLE,5,17.6,1.85,17.3,17.6,17.3,17.4493,3260,56885.0,75,18.946,15.64,2023-01-05
TVBETETF,FONDUL DESCHIS DE INVESTITII ETF BET PATRIA-TRADEVILLE,5,18.37,1.31,18.1,18.374,18.094,18.1605,7381,134043.384,127,18.946,15.64,2023-01-06
STK,STK EMERGENT,200,63.0,-3.08,60.5,63.0,60.0,61.3389,118,7238.0,8,66.5,54.0,2023-01-06
TVBETETF,FONDUL DESCHIS DE INVESTITII ETF BET PATRIA-TRADEVILLE,5,18.36,0.92,18.374,18.374,18.074,18.1915,9986,181660.874,124,18.946,15.64,2023-01-07
STK,STK EMERGENT,200,64.0,1.59,64.0,64.0,64.0,64.0,1,64.0,1,66.5,54.0,2023-01-07
TVBETETF,FONDUL DESCHIS DE INVESTITII ETF BET PATRIA-TRADEVILLE,5,18.242,0.36,18.36,18.374,18.2,18.3455,4050,74299.552,81,18.946,15.64,2023-01-08
STK,STK EMERGENT,200,60.0,-6.25,60.0,60.0,60.0,62.4961,35230,2201740.0,6,66.5,54.0,2023-01-08
TVBETETF,FONDUL DESCHIS DE INVESTITII ETF BET PATRIA-TRADEVILLE,5,18.348,0.77,18.37,18.37,18.2,18.3121,8538,156348.918,152,18.946,15.64,2023-01-09
STK,STK EMERGENT,200,62.5,4.17,60.0,62.5,60.0,60.6333,45,2728.5,5,66.5,54.0,2023-01-09
TVBETETF,FONDUL DESCHIS DE INVESTITII ETF BET PATRIA-TRADEVILLE,5,18.176,-0.01,18.348,18.348,18.0,18.1694,7422,134853.576,135,18.946,15.64,2023-01-10
TVBETETF,FONDUL DESCHIS DE INVESTITII ETF BET PATRIA-TRADEVILLE,5,17.89,-1.3,18.22,18.22,17.76,17.946,8055,144555.606,142,18.946,15.64,2023-01-11
TVBETETF,FONDUL DESCHIS DE INVESTITII ETF BET PATRIA-TRADEVILLE,5,17.858,-0.18,17.902,18.198,17.78,17.9063,6862,122873.41,122,18.946,15.64,2023-01-12
STK,STK EMERGENT,200,64.0,0.0,63.0,64.0,63.0,63.0322,310,19540.0,3,66.5,54.0,2023-01-12
TVBETETF,FONDUL DESCHIS DE INVESTITII ETF BET PATRIA-TRADEVILLE,5,18.12,1.22,17.8,18.136,17.8,17.8973,7821,139975.44,137,18.946,15.64,2023-01-13
TVBETETF,FONDUL DESCHIS DE INVESTITII ETF BET PATRIA-TRADEVILLE,5,18.152,-0.02,18.156,18.156,17.998,18.1127,5381,97464.92,77,18.946,15.64,2023-01-14
STK,STK EMERGENT,200,64.5,0.78,64.0,64.5,64.0,64.0004,4891,313026.0,4,66.5,54.0,2023-01-14
TVBETETF,FONDUL DESCHIS DE INVESTITII ETF BET PATRIA-TRADEVILLE,5,18.162,-0.38,18.25,18.3,18.15,18.228,3426,62449.38,69,18.946,15.64,2023-01-15
TVBETETF,FONDUL DESCHIS DE INVESTITII ETF BET PATRIA-TRADEVILLE,5,18.3,-0.03,18.25,18.306,18.24,18.2755,3120,57019.57,72,18.946,15.64,2023-01-16
STK,STK EMERGENT,200,64.5,0.0,63.5,64.5,63.5,63.75,4,255.0,2,66.5,54.0,2023-01-16
TVBETETF,FONDUL DESCHIS DE INVESTITII ETF BET PATRIA-TRADEVILLE,5,18.242,0.15,18.298,18.3,18.16,18.2538,3077,56167.104,71,18.946,15.64,2023-01-17
TVBETETF,FONDUL DESCHIS DE INVESTITII ETF BET PATRIA-TRADEVILLE,5,18.266,0.37,18.27,18.27,18.18,18.2481,7324,133649.386,74,18.946,15.64,2023-01-18
STK,STK EMERGENT,200,64.5,0.0,64.0,64.5,64.0,64.0002,8304,531458.0,3,66.5,54.0,2023-01-18
TVBETETF,FONDUL DESCHIS DE INVESTITII ETF BET PATRIA-TRADEVILLE,5,17.83,-1.84,18.22,18.22,17.78,17.9159,20182,361579.832,230,18.946,15.64,2023-01-19
TVBETETF,FONDUL DESCHIS DE INVESTITII ETF BET PATRIA-TRADEVILLE,5,17.564,-0.3,17.884,17.884,17.49,17.5597,13769,241779.544,206,18.946,15.64,2023-01-20
TVBETETF,FONDUL DESCHIS DE INVESTITII ETF BET PATRIA-TRADEVILLE,5,17.59,0.31,17.59,17.638,17.5,17.5966,10834,190642.018,144,18.946,15.64,2023-01-21
STK,STK EMERGENT,200,67.0,3.88,64.5,67.0,64.5,65.7432,74,4865.0,7,67.0,54.0,2023-01-21
TVBETETF,FONDUL DESCHIS DE INVESTITII ETF BET PATRIA-TRADEVILLE,5,18.212,1.75,17.854,18.4,17.854,18.1305,12135,220013.926,104,18.946,15.64,2023-01-22
STK,STK EMERGENT,200,67.5,0.75,67.0,67.5,67.0,67.05,10,670.5,4,67.5,54.0,2023-01-22
TVBETETF,FONDUL DESCHIS DE INVESTITII ETF BET PATRIA-TRADEVILLE,5,18.3,2.06,18.2,18.326,18.2,18.2899,5747,105112.296,107,18.946,15.64,2023-01-23
TVBETETF,FONDUL DESCHIS DE INVESTITII ETF BET PATRIA-TRADEVILLE,5,18.364,0.85,18.31,18.37,18.21,18.3294,8417,154279.05,150,18.946,15.64,2023-01-24
TVBETETF,FONDUL DESCHIS DE INVESTITII ETF BET PATRIA-TRADEVILLE,5,18.43,0.32,18.37,18.43,18.364,18.3868,7611,139942.42,129,18.946,15.64,2023-01-25
TVBETETF,FONDUL DESCHIS DE INVESTITII ETF BET PATRIA-TRADEVILLE,5,18.5,1.26,18.44,18.5,18.438,18.4824,8138,150410.554,137,18.946,15.64,2023-01-26
STK,STK EMERGENT,200,71.0,4.41,68.0,71.0,65.0,65.0829,6269,408005.0,11,71.0,54.0,2023-01-26
TVBETETF,FONDUL DESCHIS DE INVESTITII ETF BET PATRIA-TRADEVILLE,5,18.03,-0.13,18.498,18.498,18.02,18.1688,14325,260269.47,185,18.876,15.64,2023-01-27
TVBETETF,FONDUL DESCHIS DE INVESTITII ETF BET PATRIA-TRADEVILLE,5,18.194,0.91,18.188,18.232,18.11,18.1551,6711,121839.362,90,18.876,15.64,2023-01-28
TVBETETF,FONDUL DESCHIS DE INVESTITII ETF BET PATRIA-TRADEVILLE,5,18.178,0.97,18.16,18.204,18.132,18.1769,6016,109352.548,74,18.876,15.64,2023-01-29
TVBETETF,FONDUL DESCHIS DE INVESTITII ETF BET PATRIA-TRADEVILLE,5,18.296,1.39,18.244,18.6,18.178,18.2516,5615,102483.196,86,18.876,15.64,2023-01-30
TVBETETF,FONDUL DESCHIS DE INVESTITII ETF BET PATRIA-TRADEVILLE,5,18.32,1.29,18.406,18.406,18.25,18.354,9171,168324.81,129,18.876,15.64,2023-01-31
TVBETETF,FONDUL DESCHIS DE INVESTITII ETF BET PATRIA-TRADEVILLE,5,18.34,0.84,18.37,18.376,18.32,18.3547,4277,78503.15,65,18.876,15.64,2023-02-01
STK,STK EMERGENT,200,70.0,-1.41,69.5,70.0,69.5,69.5227,22,1529.5,3,71.0,54.0,2023-02-01
TVBETETF,FONDUL DESCHIS DE INVESTITII ETF BET PATRIA-TRADEVILLE,5,18.224,-0.04,18.286,18.332,18.12,18.2247,9705,176871.242,183,18.876,15.64,2023-02-02
STK,STK EMERGENT,200,70.0,0.0,70.0,70.0,70.0,70.0,30,2100.0,1,71.0,54.0,2023-02-02
TVBETETF,FONDUL DESCHIS DE INVESTITII ETF BET PATRIA-TRADEVILLE,5,18.306,1.18,18.45,18.45,18.224,18.286,6769,123777.992,113,18.876,15.64,2023-02-03
STK,STK EMERGENT,200,71.5,2.14,67.0,71.5,67.0,67.0122,3024,202645.0,12,71.5,54.0,2023-02-03
TVBETETF,FONDUL DESCHIS DE INVESTITII ETF BET PATRIA-TRADEVILLE,5,18.284,1.69,18.306,18.346,18.282,18.3116,7571,138637.23,141,18.876,15.64,2023-02-04
STK,STK EMERGENT,200,73.0,2.1,72.5,73.0,69.0,69.0325,1029,71034.5,7,73.0,54.0,2023-02-04
TVBETETF,FONDUL DESCHIS DE INVESTITII ETF BET PATRIA-TRADEVILLE,5,18.4,0.11,18.48,18.48,18.39,18.4372,8053,148475.474,127,18.876,15.64,2023-02-05
STK,STK EMERGENT,200,73.0,0.0,73.0,73.0,73.0,73.0,10,730.0,1,73.0,54.0,2023-02-05
TVBETETF,FONDUL DESCHIS DE INVESTITII ETF BET PATRIA-TRADEVILLE,5,18.48,0.83,18.464,18.5,18.45,18.4697,11201,206879.528,188,18.876,15.64,2023-02-06
TVBETETF,FONDUL DESCHIS DE INVESTITII ETF BET PATRIA-TRADEVILLE,5,18.462,0.82,18.552,18.552,18.37,18.457,12358,228091.954,226,18.876,15.64,2023-02-07
TVBETETF,FONDUL DESCHIS DE INVESTITII ETF BET PATRIA-TRADEVILLE,5,18.384,0.77,18.422,18.434,18.36,18.4045,9210,169505.808,169,18.876,15.64,2023-02-08
TVBETETF,FONDUL DESCHIS DE INVESTITII ETF BET PATRIA-TRADEVILLE,5,18.5,1.23,18.6,18.6,18.4,18.4535,8253,152296.766,151,18.876,15.64,2023-02-09
STK,STK EMERGENT,200,67.0,-8.22,67.5,67.5,67.0,67.0241,248,16622.0,5,73.0,54.0,2023-02-09
TVBETETF,FONDUL DESCHIS DE INVESTITII ETF BET PATRIA-TRADEVILLE,5,18.47,0.54,18.66,18.66,18.292,18.4811,12768,235967.022,242,18.876,15.64,2023-02-10
STK,STK EMERGENT,200,69.5,3.73,69.5,69.5,69.5,69.5,1,69.5,1,73.0,54.0,2023-02-10
TVBETETF,FONDUL DESCHIS DE INVESTITII ETF BET PATRIA-TRADEVILLE,5,18.56,0.49,18.51,18.592,18.47,18.5085,16504,305464.392,150,18.876,15.64,2023-02-11
STK,STK EMERGENT,200,73.0,5.04,69.5,73.0,69.5,70.9376,746,52919.5,4,73.0,54.0,2023-02-11
TVBETETF,FONDUL DESCHIS DE INVESTITII ETF BET PATRIA-TRADEVILLE,5,18.562,0.13,18.588,18.642,18.5,18.5951,6498,120831.196,155,18.876,15.64,2023-02-12
STK,STK EMERGENT,200,74.0,1.37,74.0,74.0,74.0,74.0,1,74.0,1,74.0,54.0,2023-02-12
TVBETETF,FONDUL DESCHIS DE INVESTITII ETF BET PATRIA-TRADEVILLE,5,18.574,-0.03,18.64,18.64,18.48,18.5386,12467,231121.792,175,18.876,15.64,2023-02-13
TVBETETF,FONDUL DESCHIS DE INVESTITII ETF BET PATRIA-TRADEVILLE,5,18.56,-0.22,18.602,18.602,18.5,18.5505,8549,158588.512,159,18.876,15.64,2023-02-14
TVBETETF,FONDUL DESCHIS DE INVESTITII ETF BET PATRIA-TRADEVILLE,5,18.528,0.13,18.65,18.65,18.52,18.5786,6120,113701.624,115,18.876,15.64,2023-02-15
TVBETETF,FONDUL DESCHIS DE INVESTITII ETF BET PATRIA-TRADEVILLE,5,18.36,1.06,18.564,18.65,18.36,18.4394,7708,142130.952,177,18.876,15.64,2023-02-16
PTENGETF,FONDUL DESCHIS DE INVESTITII ETF ENERGIE PATRIA-TRADEVILLE,5,5.047,0.38,5.089,5.4,5.045,5.0666,253280,1283285.789,871,5.047,5.047,2023-02-16
TVBETETF,FONDUL DESCHIS DE INVESTITII ETF BET PATRIA-TRADEVILLE,5,18.466,0.35,18.456,18.48,18.398,18.4466,2535,46762.334,55,18.876,15.64,2023-02-17
PTENGETF,FONDUL DESCHIS DE INVESTITII ETF ENERGIE PATRIA-TRADEVILLE,5,5.079,1.36,5.059,5.08,5.047,5.0587,60443,305764.729,230,5.079,5.047,2023-02-17
TVBETETF,FONDUL DESCHIS DE INVESTITII ETF BET PATRIA-TRADEVILLE,5,18.484,0.03,18.564,18.564,18.4,18.4756,4190,77412.9,93,18.876,15.64,2023-02-18
PTENGETF,FONDUL DESCHIS DE INVESTITII ETF ENERGIE PATRIA-TRADEVILLE,5,5.089,0.97,5.085,5.091,5.061,5.0786,34670,176076.728,149,5.089,5.047,2023-02-18
TVBETETF,FONDUL DESCHIS DE INVESTITII ETF BET PATRIA-TRADEVILLE,5,18.448,-0.35,18.65,18.65,18.39,18.4888,10862,200825.618,190,18.876,15.64,2023-02-19
PTENGETF,FONDUL DESCHIS DE INVESTITII ETF ENERGIE PATRIA-TRADEVILLE,5,5.115,1.33,5.14,5.14,5.097,5.1096,38599,197226.263,198,5.115,5.047,2023-02-19
TVBETETF,FONDUL DESCHIS DE INVESTITII ETF BET PATRIA-TRADEVILLE,5,18.442,-0.22,18.546,18.546,18.4,18.4599,8638,159457.024,163,18.876,15.64,2023-02-20
PTENGETF,FONDUL DESCHIS DE INVESTITII ETF ENERGIE PATRIA-TRADEVILLE,5,5.108,0.71,5.126,5.126,5.1,5.1119,23175,118470.367,114,5.115,5.047,2023-02-20
STK,STK EMERGENT,200,72.5,-2.03,72.5,72.5,72.5,72.5,10,725.0,1,74.0,54.0,2023-02-20
TVBETETF,FONDUL DESCHIS DE INVESTITII ETF BET PATRIA-TRADEVILLE,5,18.588,0.82,18.56,18.59,18.528,18.5467,9848,182648.256,141,18.876,15.64,2023-02-21
PTENGETF,FONDUL DESCHIS DE INVESTITII ETF ENERGIE PATRIA-TRADEVILLE,5,5.281,1.07,5.226,5.284,5.22,5.2546,55949,293990.963,182,5.281,5.047,2023-02-21
STK,STK EMERGENT,200,71.5,-1.38,71.5,71.5,71.5,71.5,2,143.0,1,74.0,54.0,2023-02-21
TVBETETF,FONDUL DESCHIS DE INVESTITII ETF BET PATRIA-TRADEVILLE,5,18.66,0.39,18.6,18.672,18.6,18.6509,18071,337040.422,243,18.876,15.64,2023-02-22
PTENGETF,FONDUL DESCHIS DE INVESTITII ETF ENERGIE PATRIA-TRADEVILLE,5,5.327,0.87,5.303,5.46,5.3,5.3373,70483,376188.946,217,5.327,5.047,2023-02-22
STK,STK EMERGENT,200,66.0,-5.71,66.5,66.5,66.0,66.3157,19,1260.0,2,74.0,54.0,2023-02-22
TVBETETF,FONDUL DESCHIS DE INVESTITII ETF BET PATRIA-TRADEVILLE,5,18.73,1.9,18.604,18.73,18.6,18.6669,5575,104068.444,154,18.876,15.86,2023-02-23
PTENGETF,FONDUL DESCHIS DE INVESTITII ETF ENERGIE PATRIA-TRADEVILLE,5,5.23,0.58,5.299,5.299,5.23,5.245,20458,107303.797,89,5.327,5.047,2023-02-23
STK,STK EMERGENT,200,69.5,5.3,69.5,69.5,69.5,69.5,1,69.5,1,74.0,57.5,2023-02-23
TVBETETF,FONDUL DESCHIS DE INVESTITII ETF BET PATRIA-TRADEVILLE,5,18.438,-1.4,18.7,18.7,18.3,18.4322,28793,530719.754,506,18.876,15.86,2023-02-24
PTENGETF,FONDUL DESCHIS DE INVESTITII ETF ENERGIE PATRIA-TRADEVILLE,5,5.084,-3.16,5.209,5.209,5.075,5.0997,58610,298899.131,230,5.327,5.047,2023-02-24
TVBETETF,FONDUL DESCHIS DE INVESTITII ETF BET PATRIA-TRADEVILLE,5,18.5,2.11,18.5,18.5,18.366,18.4358,11096,204564.678,209,18.876,15.86,2023-02-25
PTENGETF,FONDUL DESCHIS DE INVESTITII ETF ENERGIE PATRIA-TRADEVILLE,5,5.158,1.46,5.123,5.158,5.071,5.0963,39822,202946.949,102,5.327,5.047,2023-02-25
STK,STK EMERGENT,200,69.0,-0.72,67.0,69.0,66.0,66.1695,171,11315.0,5,74.0,57.5,2023-02-25
TVBETETF,FONDUL DESCHIS DE INVESTITII ETF BET PATRIA-TRADEVILLE,5,18.418,-0.99,18.34,18.564,18.34,18.4743,7164,132350.6,147,18.876,15.86,2023-02-26
PTENGETF,FONDUL DESCHIS DE INVESTITII ETF ENERGIE PATRIA-TRADEVILLE,5,5.09,1.17,5.07,5.132,5.07,5.1054,8540,43600.321,65,5.327,5.047,2023-02-26
TVBETETF,FONDUL DESCHIS DE INVESTITII ETF BET PATRIA-TRADEVILLE,5,18.222,-0.95,18.3,18.3,18.19,18.242,11459,209035.928,163,18.876,15.86,2023-02-27
PTENGETF,FONDUL DESCHIS DE INVESTITII ETF ENERGIE PATRIA-TRADEVILLE,5,5.041,-0.3,5.1,5.1,5.041,5.0569,18716,94645.279,106,5.327,5.041,2023-02-27
STK,STK EMERGENT,200,69.5,-0.71,66.5,69.5,66.5,67.25,4,269.0,2,74.0,57.5,2023-02-27
TVBETETF,FONDUL DESCHIS DE INVESTITII ETF BET PATRIA-TRADEVILLE,5,18.25,1.29,18.3,18.3,18.06,18.1742,17555,319049.082,204,18.876,15.86,2023-02-28
PTENGETF,FONDUL DESCHIS DE INVESTITII ETF ENERGIE PATRIA-TRADEVILLE,5,4.978,-1.25,5.041,5.041,4.9605,4.9953,19236,96090.713,128,5.327,4.978,2023-02-28
TVBETETF,FONDUL DESCHIS DE INVESTITII ETF BET PATRIA-TRADEVILLE,5,18.3,3.44,18.3,18.3,18.2,18.2543,6209,113341.324,93,18.876,15.86,2023-03-01
PTENGETF,FONDUL DESCHIS DE INVESTITII ETF ENERGIE PATRIA-TRADEVILLE,5,5.006,0.56,5.035,5.035,4.975,4.9881,5561,27739.2415,46,5.327,4.978,2023-03-01
TVBETETF,FONDUL DESCHIS DE INVESTITII ETF BET PATRIA-TRADEVILLE,5,18.034,-1.45,18.3,18.3,18.0,18.1075,13068,236630.102,232,18.876,15.86,2023-03-02
PTENGETF,FONDUL DESCHIS DE INVESTITII ETF ENERGIE PATRIA-TRADEVILLE,5,4.905,-2.02,5.059,5.059,4.9035,4.9382,17377,85811.167,107,5.327,4.905,2023-03-02
TVBETETF,FONDUL DESCHIS DE INVESTITII ETF BET PATRIA-TRADEVILLE,5,18.184,3.71,18.242,18.242,18.05,18.1363,7778,141064.264,127,18.876,15.86,2023-03-03
PTENGETF,FONDUL DESCHIS DE INVESTITII ETF ENERGIE PATRIA-TRADEVILLE,5,4.9505,0.93,4.905,4.956,4.9045,4.9219,9275,45651.207,62,5.327,4.905,2023-03-03
STK,STK EMERGENT,200,70.0,0.72,70.0,70.0,70.0,70.0,1,70.0,1,74.0,57.5,2023-03-03
TVBETETF,FONDUL DESCHIS DE INVESTITII ETF BET PATRIA-TRADEVILLE,5,18.18,2.45,18.3,18.322,18.18,18.2434,5856,106833.586,122,18.876,15.86,2023-03-04
PTENGETF,FONDUL DESCHIS DE INVESTITII ETF ENERGIE PATRIA-TRADEVILLE,5,4.94,-0.21,4.9505,4.9695,4.9275,4.949,9514,47084.7945,52,5.327,4.905,2023-03-04
BTF,FONDUL INCHIS DE INVESTITII BET FI INDEX INVEST,200,610.0,0.0,610.0,610.0,610.0,610.0,5,3050.0,1,650.0,600.0,2023-03-04
TVBETETF,FONDUL DESCHIS DE INVESTITII ETF BET PATRIA-TRADEVILLE,5,18.124,2.16,18.18,18.228,18.0,18.1256,7053,127840.134,144,18.876,15.86,2023-03-05
PTENGETF,FONDUL DESCHIS DE INVESTITII ETF ENERGIE PATRIA-TRADEVILLE,5,4.903,-0.75,4.98,4.98,4.903,4.9346,8635,42610.755,60,5.327,4.903,2023-03-05
TVBETETF,FONDUL DESCHIS DE INVESTITII ETF BET PATRIA-TRADEVILLE,5,18.11,2.47,18.228,18.228,18.086,18.1222,15931,288706.048,116,18.876,15.86,2023-03-06
PTENGETF,FONDUL DESCHIS DE INVESTITII ETF ENERGIE PATRIA-TRADEVILLE,5,4.9475,0.91,4.903,4.949,4.903,4.9185,2258,11106.1,26,5.327,4.903,2023-03-06
TVBETETF,FONDUL DESCHIS DE INVESTITII ETF BET PATRIA-TRADEVILLE,5,18.238,3.47,18.11,18.244,18.11,18.1885,9152,166461.232,136,18.876,15.86,2023-03-07
PTENGETF,FONDUL DESCHIS DE INVESTITII ETF ENERGIE PATRIA-TRADEVILLE,5,5.019,1.45,4.902,5.019,4.902,4.9553,2327,11531.107,34,5.327,4.903,2023-03-07
TVBETETF,FONDUL DESCHIS DE INVESTITII ETF BET PATRIA-TRADEVILLE,5,18.414,2.52,18.4,18.432,18.3,18.3763,11009,202305.484,210,18.876,15.86,2023-03-08
PTENGETF,FONDUL DESCHIS DE INVESTITII ETF ENERGIE PATRIA-TRADEVILLE,5,5.064,1.8,5.095,5.095,5.033,5.0437,9080,45797.634,44,5.327,4.903,2023-03-08
TVBETETF,FONDUL DESCHIS DE INVESTITII ETF BET PATRIA-TRADEVILLE,5,18.5,1.33,18.412,18.5,18.412,18.4606,8689,160404.484,147,18.876,15.86,2023-03-09
PTENGETF,FONDUL DESCHIS DE INVESTITII ETF ENERGIE PATRIA-TRADEVILLE,5,5.071,1.02,5.07,5.08,5.067,5.0748,3787,19218.47,32,5.327,4.903,2023-03-09
BTF,FONDUL INCHIS DE INVESTITII BET FI INDEX INVEST,200,610.0,0.0,610.0,610.0,610.0,610.0,1,610.0,1,610.0,600.0,2023-03-09
TVBETETF,FONDUL DESCHIS DE INVESTITII ETF BET PATRIA-TRADEVILLE,5,18.58,3.21,18.6,18.6,18.5,18.5489,7485,138838.77,168,18.876,15.86,2023-03-10
PTENGETF,FONDUL DESCHIS DE INVESTITII ETF ENERGIE PATRIA-TRADEVILLE,5,5.085,0.28,5.1,5.1,5.08,5.0863,8460,43030.18,39,5.327,4.903,2023-03-10
TVBETETF,FONDUL DESCHIS DE INVESTITII ETF BET PATRIA-TRADEVILLE,5,18.566,1.43,18.6,18.636,18.55,18.5842,15020,279135.546,166,18.876,15.86,2023-03-11
PTENGETF,FONDUL DESCHIS DE INVESTITII ETF ENERGIE PATRIA-TRADEVILLE,5,5.1,0.29,5.1,5.115,5.1,5.1049,7173,36617.92,45,5.327,4.903,2023-03-11
TVBETETF,FONDUL DESCHIS DE INVESTITII ETF BET PATRIA-TRADEVILLE,5,18.64,0.84,18.61,18.644,18.592,18.6229,9335,173845.658,174,18.876,15.86,2023-03-12
PTENGETF,FONDUL DESCHIS DE INVESTITII ETF ENERGIE PATRIA-TRADEVILLE,5,5.111,0.22,5.126,5.128,5.1,5.1208,5678,29075.999,51,5.327,4.903,2023-03-12
STK,STK EMERGENT,200,69.0,-1.43,69.0,69.0,69.0,69.0,20,1380.0,1,74.0,57.5,2023-03-12
TVBETETF,FONDUL DESCHIS DE INVESTITII ETF BET PATRIA-TRADEVILLE,5,18.696,1.15,18.664,18.7,18.66,18.6863,12115,226384.918,215,18.876,15.86,2023-03-13
PTENGETF,FONDUL DESCHIS DE INVESTITII ETF ENERGIE PATRIA-TRADEVILLE,5,5.1,-0.22,5.12,5.12,5.1,5.1122,11467,58622.475,81,5.327,4.903,2023-03-13
TVBETETF,FONDUL DESCHIS DE INVESTITII ETF BET PATRIA-TRADEVILLE,5,18.708,0.81,18.7,18.762,18.698,18.7254,13137,245995.624,241,18.876,15.86,2023-03-14
PTENGETF,FONDUL DESCHIS DE INVESTITII ETF ENERGIE PATRIA-TRADEVILLE,5,5.131,1.08,5.125,5.135,5.1,5.126,2538,13010.034,27,5.327,4.903,2023-03-14
STK,STK EMERGENT,200,69.0,0.0,69.0,69.0,69.0,69.0,20,1380.0,1,74.0,57.5,2023-03-14
TVBETETF,FONDUL DESCHIS DE INVESTITII ETF BET PATRIA-TRADEVILLE,5,18.714,0.7,18.76,18.768,18.698,18.7214,11067,207190.464,202,18.876,15.86,2023-03-15
PTENGETF,FONDUL DESCHIS DE INVESTITII ETF ENERGIE PATRIA-TRADEVILLE,5,5.129,-0.04,5.131,5.135,5.12,5.1292,3715,19055.047,36,5.327,4.903,2023-03-15
TVBETETF,FONDUL DESCHIS DE INVESTITII ETF BET PATRIA-TRADEVILLE,5,18.786,0.51,18.856,18.856,18.78,18.819,12044,226656.324,198,18.876,15.86,2023-03-16
PTENGETF,FONDUL DESCHIS DE INVESTITII ETF ENERGIE PATRIA-TRADEVILLE,5,5.174,0.82,5.176,5.176,5.125,5.1652,4483,23156.011,34,5.327,4.903,2023-03-16
TVBETETF,FONDUL DESCHIS DE INVESTITII ETF BET PATRIA-TRADEVILLE,5,18.706,0.23,18.838,18.838,18.678,18.7392,16121,302096.246,225,18.876,15.86,2023-03-17
PTENGETF,FONDUL DESCHIS DE INVESTITII ETF ENERGIE PATRIA-TRADEVILLE,5,5.16,0.41,5.174,5.175,5.145,5.1667,3382,17473.885,26,5.327,4.903,2023-03-17
STK,STK EMERGENT,200,69.0,0.0,69.0,69.0,69.0,69.0,5,345.0,1,74.0,57.5,2023-03-17
TVBETETF,FONDUL DESCHIS DE INVESTITII ETF BET PATRIA-TRADEVILLE,5,18.678,0.42,18.762,18.762,18.61,18.6956,8344,155996.184,175,18.876,15.86,2023-03-18
PTENGETF,FONDUL DESCHIS DE INVESTITII ETF ENERGIE PATRIA-TRADEVILLE,5,5.152,0.68,5.159,5.159,5.14,5.1495,3218,16571.233,31,5.327,4.903,2023-03-18
TVBETETF,FONDUL DESCHIS DE INVESTITII ETF BET PATRIA-TRADEVILLE,5,18.76,1.27,18.73,18.76,18.678,18.6978,8098,151415.318,152,18.876,15.86,2023-03-19
PTENGETF,FONDUL DESCHIS DE INVESTITII ETF ENERGIE PATRIA-TRADEVILLE,5,5.154,0.88,5.159,5.159,5.15,5.156,4892,25223.258,32,5.327,4.903,2023-03-19
TVBETETF,FONDUL DESCHIS DE INVESTITII ETF BET PATRIA-TRADEVILLE,5,18.65,0.14,18.78,18.78,18.6,18.6714,8006,149483.482,165,18.876,15.86,2023-03-20
PTENGETF,FONDUL DESCHIS DE INVESTITII ETF ENERGIE PATRIA-TRADEVILLE,5,5.137,0.27,5.154,5.16,5.13,5.1416,2976,15301.64,30,5.327,4.903,2023-03-20
STK,STK EMERGENT,200,68.0,-1.45,66.5,68.0,66.5,66.875,4,267.5,2,74.0,57.5,2023-03-20
TVBETETF,FONDUL DESCHIS DE INVESTITII ETF BET PATRIA-TRADEVILLE,5,18.63,0.37,18.71,18.71,18.5,18.6024,10435,194116.332,194,18.876,15.86,2023-03-21
PTENGETF,FONDUL DESCHIS DE INVESTITII ETF ENERGIE PATRIA-TRADEVILLE,5,5.12,0.31,5.148,5.16,5.11,5.1464,2770,14255.538,26,5.327,4.903,2023-03-21
STK,STK EMERGENT,200,66.0,-2.94,66.5,66.5,66.0,66.003,1000,66003.0,5,74.0,57.5,2023-03-21
TVBETETF,FONDUL DESCHIS DE INVESTITII ETF BET PATRIA-TRADEVILLE,5,18.602,0.99,18.638,18.638,18.52,18.5826,16887,313804.51,226,18.876,15.86,2023-03-22
PTENGETF,FONDUL DESCHIS DE INVESTITII ETF ENERGIE PATRIA-TRADEVILLE,5,5.1,-0.39,5.15,5.15,5.1,5.1329,3908,20059.484,43,5.327,4.903,2023-03-22
STK,STK EMERGENT,200,68.0,3.03,68.0,68.0,68.0,68.0,1,68.0,1,74.0,57.5,2023-03-22
TVBETETF,FONDUL DESCHIS DE INVESTITII ETF BET PATRIA-TRADEVILLE,5,18.56,1.18,18.7,18.85,18.536,18.6291,19340,360287.656,322,18.876,15.86,2023-03-23
PTENGETF,FONDUL DESCHIS DE INVESTITII ETF ENERGIE PATRIA-TRADEVILLE,5,5.175,1.47,5.125,5.175,5.12,5.1386,4353,22368.425,32,5.327,4.903,2023-03-23
STK,STK EMERGENT,200,66.0,-2.94,66.0,66.0,66.0,66.0,20,1320.0,1,74.0,57.5,2023-03-23
TVBETETF,FONDUL DESCHIS DE INVESTITII ETF BET PATRIA-TRADEVILLE,5,18.474,0.01,18.64,18.85,18.4,18.5038,22226,411267.094,267,18.876,15.86,2023-03-24
PTENGETF,FONDUL DESCHIS DE INVESTITII ETF ENERGIE PATRIA-TRADEVILLE,5,5.16,0.33,5.17,5.17,5.15,5.1592,2103,10850.005,32,5.327,4.903,2023-03-24
STK,STK EMERGENT,200,65.5,-0.76,65.5,65.5,65.5,65.5,130,8515.0,2,74.0,57.5,2023-03-24
TVBETETF,FONDUL DESCHIS DE INVESTITII ETF BET PATRIA-TRADEVILLE,5,18.38,0.37,18.55,18.65,18.38,18.4319,17970,331222.424,232,18.876,15.86,2023-03-25
PTENGETF,FONDUL DESCHIS DE INVESTITII ETF ENERGIE PATRIA-TRADEVILLE,5,5.13,-0.19,5.17,5.17,5.12,5.1436,3715,19108.699,40,5.327,4.903,2023-03-25
STK,STK EMERGENT,200,67.5,3.05,67.5,67.5,67.5,67.5,1,67.5,1,74.0,57.5,2023-03-25
TVBETETF,FONDUL DESCHIS DE INVESTITII ETF BET PATRIA-TRADEVILLE,5,18.542,1.99,18.366,18.542,18.31,18.3506,16738,307152.428,242,18.876,15.86,2023-03-26
PTENGETF,FONDUL DESCHIS DE INVESTITII ETF ENERGIE PATRIA-TRADEVILLE,5,5.086,-0.86,5.1,5.1,5.05,5.0928,10478,53363.404,64,5.327,4.903,2023-03-26
TVBETETF,FONDUL DESCHIS DE INVESTITII ETF BET PATRIA-TRADEVILLE,5,18.32,0.04,18.452,18.46,18.29,18.3719,14938,274440.432,273,18.876,15.86,2023-03-27
PTENGETF,FONDUL DESCHIS DE INVESTITII ETF ENERGIE PATRIA-TRADEVILLE,5,5.04,0.58,5.056,5.065,5.04,5.0522,4607,23275.894,29,5.327,4.903,2023-03-27
BTF,FONDUL INCHIS DE INVESTITII BET FI INDEX INVEST,200,610.0,0.0,610.0,610.0,610.0,610.0,2,1220.0,1,610.0,600.0,2023-03-27
TVBETETF,FONDUL DESCHIS DE INVESTITII ETF BET PATRIA-TRADEVILLE,5,18.34,0.35,18.37,18.47,18.34,18.4089,8069,148541.494,171,18.876,15.86,2023-03-28
PTENGETF,FONDUL DESCHIS DE INVESTITII ETF ENERGIE PATRIA-TRADEVILLE,5,5.0,-0.79,5.04,5.044,5.0,5.0259,1367,6870.524,19,5.327,4.903,2023-03-28
TVBETETF,FONDUL DESCHIS DE INVESTITII ETF BET PATRIA-TRADEVILLE,5,18.47,0.94,18.45,18.47,18.44,18.4578,8395,154953.512,151,18.876,15.86,2023-03-29
PTENGETF,FONDUL DESCHIS DE INVESTITII ETF ENERGIE PATRIA-TRADEVILLE,5,5.07,1.4,5.04,5.075,4.9915,5.0121,11630,58291.577,53,5.327,4.903,2023-03-29
TVBETETF,FONDUL DESCHIS DE INVESTITII ETF BET PATRIA-TRADEVILLE,5,18.55,1.54,18.5,18.55,18.4,18.466,15455,285392.844,289,18.876,15.86,2023-03-30
PTENGETF,FONDUL DESCHIS DE INVESTITII ETF ENERGIE PATRIA-TRADEVILLE,5,5.07,0.0,5.07,5.095,5.07,5.0779,2610,13253.435,29,5.327,4.903,2023-03-30
TVBETETF,FONDUL DESCHIS DE INVESTITII ETF BET PATRIA-TRADEVILLE,5,18.55,1.36,18.56,18.588,18.48,18.5295,9418,174511.254,174,18.876,15.86,2023-03-31
PTENGETF,FONDUL DESCHIS DE INVESTITII ETF ENERGIE PATRIA-TRADEVILLE,5,5.11,0.79,5.153,5.153,5.1,5.1174,1493,7640.38,25,5.327,4.903,2023-03-31
STK,STK EMERGENT,200,63.0,-6.67,63.0,63.0,63.0,63.0,207,13041.0,3,74.0,59.0,2023-03-31
TVBETETF,FONDUL DESCHIS DE INVESTITII ETF BET PATRIA-TRADEVILLE,5,18.55,0.69,18.664,18.668,18.36,18.5583,9031,167600.436,150,18.876,15.86,2023-04-01
PTENGETF,FONDUL DESCHIS DE INVESTITII ETF ENERGIE PATRIA-TRADEVILLE,5,5.125,0.29,5.11,5.125,5.11,5.1194,827,4233.752,20,5.327,4.903,2023-04-01
TVBETETF,FONDUL DESCHIS DE INVESTITII ETF BET PATRIA-TRADEVILLE,5,18.784,1.43,18.68,18.784,18.68,18.7542,11199,210029.38,147,18.876,15.86,2023-04-02
PTENGETF,FONDUL DESCHIS DE INVESTITII ETF ENERGIE PATRIA-TRADEVILLE,5,5.128,0.06,5.125,5.13,5.125,5.1277,2951,15132.133,37,5.327,4.903,2023-04-02
STK,STK EMERGENT,200,67.0,6.35,67.0,67.0,67.0,67.0,1,67.0,1,74.0,59.0,2023-04-02
TVBETETF,FONDUL DESCHIS DE INVESTITII ETF BET PATRIA-TRADEVILLE,5,18.8,0.9,18.77,18.8,18.7,18.7868,9603,180410.522,134,18.876,15.86,2023-04-03
PTENGETF,FONDUL DESCHIS DE INVESTITII ETF ENERGIE PATRIA-TRADEVILLE,5,5.17,0.82,5.128,5.17,5.128,5.1502,2267,11675.552,25,5.327,4.903,2023-04-03
STK,STK EMERGENT,200,67.5,0.75,67.0,67.5,67.0,67.0033,150,10050.5,3,74.0,59.0,2023-04-03
TVBETETF,FONDUL DESCHIS DE INVESTITII ETF BET PATRIA-TRADEVILLE,5,18.83,0.87,18.85,18.866,18.8,18.8423,11447,215688.148,162,18.876,15.86,2023-04-04
PTENGETF,FONDUL DESCHIS DE INVESTITII ETF ENERGIE PATRIA-TRADEVILLE,5,5.205,0.68,5.17,5.205,5.17,5.1842,4442,23028.585,43,5.327,4.903,2023-04-04
TVBETETF,FONDUL DESCHIS DE INVESTITII ETF BET PATRIA-TRADEVILLE,5,18.88,0.39,18.83,18.88,18.72,18.826,6350,119545.212,122,18.88,15.86,2023-04-05
PTENGETF,FONDUL DESCHIS DE INVESTITII ETF ENERGIE PATRIA-TRADEVILLE,5,5.2,-0.1,5.21,5.21,5.18,5.1929,2222,11538.679,23,5.327,4.903,2023-04-05
TVBETETF,FONDUL DESCHIS DE INVESTITII ETF BET PATRIA-TRADEVILLE,5,18.79,0.62,18.88,18.88,18.726,18.8232,7191,135357.772,113,18.88,15.86,2023-04-06
PTENGETF,FONDUL DESCHIS DE INVESTITII ETF ENERGIE PATRIA-TRADEVILLE,5,5.206,0.12,5.18,5.206,5.132,5.162,6607,34105.53,34,5.327,4.903,2023-04-06
TVBETETF,FONDUL DESCHIS DE INVESTITII ETF BET PATRIA-TRADEVILLE,5,18.726,-0.12,18.77,18.816,18.664,18.7257,11046,206844.236,122,18.88,15.86,2023-04-07
PTENGETF,FONDUL DESCHIS DE INVESTITII ETF ENERGIE PATRIA-TRADEVILLE,5,5.15,-1.08,5.206,5.206,5.15,5.1684,1630,8424.557,20,5.327,4.903,2023-04-07
TVBETETF,FONDUL DESCHIS DE INVESTITII ETF BET PATRIA-TRADEVILLE,5,18.82,0.05,18.878,18.878,18.65,18.7415,7590,142248.128,108,18.88,15.86,2023-04-08
PTENGETF,FONDUL DESCHIS DE INVESTITII ETF ENERGIE PATRIA-TRADEVILLE,5,5.188,0.74,5.15,5.192,5.131,5.142,1045,5373.395,14,5.327,4.903,2023-04-08
TVBETETF,FONDUL DESCHIS DE INVESTITII ETF BET PATRIA-TRADEVILLE,5,18.828,-1.03,18.86,18.88,18.8,18.8464,12556,236635.42,132,18.88,15.86,2023-04-09
PTENGETF,FONDUL DESCHIS DE INVESTITII ETF ENERGIE PATRIA-TRADEVILLE,5,5.17,-0.35,5.188,5.191,5.151,5.18,1596,8267.357,19,5.327,4.903,2023-04-09
TVBETETF,FONDUL DESCHIS DE INVESTITII ETF BET PATRIA-TRADEVILLE,5,18.81,-1.15,18.882,18.882,18.78,18.8246,11319,213076.764,115,18.88,15.86,2023-04-10
PTENGETF,FONDUL DESCHIS DE INVESTITII ETF ENERGIE PATRIA-TRADEVILLE,5,5.185,0.29,5.17,5.185,5.17,5.1721,2233,11549.45,10,5.327,4.903,2023-04-10
TVBETETF,FONDUL DESCHIS DE INVESTITII ETF BET PATRIA-TRADEVILLE,5,18.882,1.2,18.81,18.882,18.6,18.8222,13427,252725.85,166,18.882,15.86,2023-04-11
PTENGETF,FONDUL DESCHIS DE INVESTITII ETF ENERGIE PATRIA-TRADEVILLE,5,5.185,0.0,5.19,5.19,5.136,5.1423,14271,73386.532,39,5.327,4.903,2023-04-11
TVBETETF,FONDUL DESCHIS DE INVESTITII ETF BET PATRIA-TRADEVILLE,5,18.7,-0.96,18.882,18.882,18.62,18.7408,16308,305625.954,292,18.882,15.86,2023-04-12
PTENGETF,FONDUL DESCHIS DE INVESTITII ETF ENERGIE PATRIA-TRADEVILLE,5,5.165,-0.39,5.15,5.185,5.15,5.1651,1262,6518.426,24,5.327,4.903,2023-04-12
TVBETETF,FONDUL DESCHIS DE INVESTITII ETF BET PATRIA-TRADEVILLE,5,18.72,0.63,18.798,18.816,18.7,18.7538,17124,321140.666,285,18.882,15.86,2023-04-13
PTENGETF,FONDUL DESCHIS DE INVESTITII ETF ENERGIE PATRIA-TRADEVILLE,5,5.19,1.23,5.18,5.19,5.15,5.1771,5797,30012.192,49,5.327,4.903,2023-04-13
STK,STK EMERGENT,200,67.0,-0.74,67.0,67.0,67.0,67.0,5,335.0,1,74.0,59.0,2023-04-13
TVBETETF,FONDUL DESCHIS DE INVESTITII ETF BET PATRIA-TRADEVILLE,5,18.706,-0.07,18.72,18.884,18.706,18.7691,18221,341991.852,218,18.882,15.86,2023-04-14
PTENGETF,FONDUL DESCHIS DE INVESTITII ETF ENERGIE PATRIA-TRADEVILLE,5,5.19,0.0,5.19,5.19,5.16,5.1813,4555,23600.948,28,5.327,4.903,2023-04-14
TVBETETF,FONDUL DESCHIS DE INVESTITII ETF BET PATRIA-TRADEVILLE,5,18.836,0.31,18.78,18.854,18.702,18.7998,10914,205181.494,174,18.882,15.86,2023-04-15
PTENGETF,FONDUL DESCHIS DE INVESTITII ETF ENERGIE PATRIA-TRADEVILLE,5,5.195,0.1,5.19,5.2,5.19,5.1956,5197,27001.652,34,5.327,4.903,2023-04-15
BTF,FONDUL INCHIS DE INVESTITII BET FI INDEX INVEST,200,610.0,0.0,610.0,610.0,610.0,610.0,5,3050.0,2,610.0,600.0,2023-04-15
STK,STK EMERGENT,200,67.0,3.08,67.0,67.0,67.0,67.0,1,67.0,1,74.0,59.0,2023-04-15
TVBETETF,FONDUL DESCHIS DE INVESTITII ETF BET PATRIA-TRADEVILLE,5,18.516,1.73,18.83,18.83,18.4,18.5059,21328,394695.512,299,18.882,15.86,2023-04-16
PTENGETF,FONDUL DESCHIS DE INVESTITII ETF ENERGIE PATRIA-TRADEVILLE,5,5.184,0.15,5.185,5.185,5.115,5.1484,6131,31565.245,25,5.327,4.903,2023-04-16
TVBETETF,FONDUL DESCHIS DE INVESTITII ETF BET PATRIA-TRADEVILLE,5,18.716,2.28,18.78,18.78,18.5,18.5684,12509,232273.13,211,18.882,15.86,2023-04-17
PTENGETF,FONDUL DESCHIS DE INVESTITII ETF ENERGIE PATRIA-TRADEVILLE,5,5.17,-0.27,5.184,5.184,5.14,5.1828,6081,31516.866,22,5.327,4.903,2023-04-17
TVBETETF,FONDUL DESCHIS DE INVESTITII ETF BET PATRIA-TRADEVILLE,5,18.732,2.23,18.716,18.848,18.54,18.6331,10578,197101.856,176,18.882,15.86,2023-04-18
PTENGETF,FONDUL DESCHIS DE INVESTITII ETF ENERGIE PATRIA-TRADEVILLE,5,5.144,-0.5,5.15,5.17,5.13,5.1423,3242,16671.606,34,5.327,4.903,2023-04-18
TVBETETF,FONDUL DESCHIS DE INVESTITII ETF BET PATRIA-TRADEVILLE,5,18.85,-1.56,18.85,18.96,18.8,18.8693,13697,258453.392,135,18.882,15.86,2023-04-19
PTENGETF,FONDUL DESCHIS DE INVESTITII ETF ENERGIE PATRIA-TRADEVILLE,5,5.202,0.02,5.201,5.202,5.179,5.1937,1407,7307.567,18,5.327,4.903,2023-04-19
TVBETETF,FONDUL DESCHIS DE INVESTITII ETF BET PATRIA-TRADEVILLE,5,18.87,0.88,18.86,18.898,18.812,18.8694,7172,135331.546,135,18.882,15.86,2023-04-20
PTENGETF,FONDUL DESCHIS DE INVESTITII ETF ENERGIE PATRIA-TRADEVILLE,5,5.2,-0.04,5.202,5.202,5.174,5.1804,6906,35776.47,16,5.327,4.903,2023-04-20
TVBETETF,FONDUL DESCHIS DE INVESTITII ETF BET PATRIA-TRADEVILLE,5,18.688,0.24,18.864,18.864,18.67,18.7663,14622,274400.848,168,18.882,15.86,2023-04-21
PTENGETF,FONDUL DESCHIS DE INVESTITII ETF ENERGIE PATRIA-TRADEVILLE,5,5.19,-0.19,5.2,5.2,5.19,5.1959,10104,52500.278,18,5.327,4.903,2023-04-21
STK,STK EMERGENT,200,65.5,6.5,65.0,65.5,65.0,65.0384,13,845.5,2,74.0,59.0,2023-04-21
TVBETETF,FONDUL DESCHIS DE INVESTITII ETF BET PATRIA-TRADEVILLE,5,18.85,1.86,18.498,18.86,18.498,18.6943,13244,247588.236,165,18.882,15.86,2023-04-22
PTENGETF,FONDUL DESCHIS DE INVESTITII ETF ENERGIE PATRIA-TRADEVILLE,5,5.25,1.2,5.15,5.29,5.15,5.1988,19095,99272.287,45,5.327,4.903,2023-04-22
TVBETETF,FONDUL DESCHIS DE INVESTITII ETF BET PATRIA-TRADEVILLE,5,19.1,1.64,18.85,19.2,18.7,18.9973,31365,595851.702,265,19.1,15.86,2023-04-23
PTENGETF,FONDUL DESCHIS DE INVESTITII ETF ENERGIE PATRIA-TRADEVILLE,5,5.353,1.57,5.25,5.358,5.247,5.3292,12822,68331.824,45,5.353,4.903,2023-04-23
TVBETETF,FONDUL DESCHIS DE INVESTITII ETF BET PATRIA-TRADEVILLE,5,19.184,0.14,19.388,19.442,19.168,19.2747,21090,406504.562,233,19.184,15.86,2023-04-24
PTENGETF,FONDUL DESCHIS DE INVESTITII ETF ENERGIE PATRIA-TRADEVILLE,5,5.38,-0.22,5.5,5.5,5.38,5.434,3818,20747.178,30,5.38,4.903,2023-04-24
TVBETETF,FONDUL DESCHIS DE INVESTITII ETF BET PATRIA-TRADEVILLE,5,19.29,1.02,19.25,19.5,19.242,19.2782,15923,306968.066,218,19.29,15.86,2023-04-25
PTENGETF,FONDUL DESCHIS DE INVESTITII ETF ENERGIE PATRIA-TRADEVILLE,5,5.4,0.97,5.32,5.41,5.32,5.3901,3229,17404.913,25,5.4,4.903,2023-04-25
TVBETETF,FONDUL DESCHIS DE INVESTITII ETF BET PATRIA-TRADEVILLE,5,19.996,3.56,19.31,19.996,19.31,19.5837,40990,802737.468,326,19.996,15.86,2023-04-26
PTENGETF,FONDUL DESCHIS DE INVESTITII ETF ENERGIE PATRIA-TRADEVILLE,5,5.52,2.22,5.425,5.52,5.425,5.4767,10345,56656.792,38,5.52,4.903,2023-04-26
TVBETETF,FONDUL DESCHIS DE INVESTITII ETF BET PATRIA-TRADEVILLE,5,19.584,-0.77,20.0,20.0,19.584,19.8394,47131,935055.17,468,19.996,15.86,2023-04-27
PTENGETF,FONDUL DESCHIS DE INVESTITII ETF ENERGIE PATRIA-TRADEVILLE,5,5.518,-0.04,5.54,5.639,5.518,5.5731,18902,105344.548,85,5.52,4.903,2023-04-27
TVBETETF,FONDUL DESCHIS DE INVESTITII ETF BET PATRIA-TRADEVILLE,5,19.632,1.44,19.924,19.924,19.59,19.6819,27943,549972.26,270,19.996,15.86,2023-04-28
PTENGETF,FONDUL DESCHIS DE INVESTITII ETF ENERGIE PATRIA-TRADEVILLE,5,5.562,0.8,5.472,5.563,5.472,5.5334,8595,47559.853,42,5.562,4.903,2023-04-28
STK,STK EMERGENT,200,65.0,-0.76,65.0,65.0,65.0,65.0,200,13000.0,1,74.0,59.0,2023-04-28
TVBETETF,FONDUL DESCHIS DE INVESTITII ETF BET PATRIA-TRADEVILLE,5,19.81,1.15,19.75,19.844,19.502,19.7556,27667,546578.786,313,19.996,15.86,2023-04-29
PTENGETF,FONDUL DESCHIS DE INVESTITII ETF ENERGIE PATRIA-TRADEVILLE,5,5.576,0.9,5.559,5.587,5.532,5.5723,19991,111397.143,55,5.576,4.903,2023-04-29
STK,STK EMERGENT,200,66.0,1.54,65.5,66.0,65.5,65.5054,1001,65571.0,5,74.0,59.0,2023-04-29
TVBETETF,FONDUL DESCHIS DE INVESTITII ETF BET PATRIA-TRADEVILLE,5,19.948,3.4,19.944,20.75,19.82,19.9599,31695,632630.964,417,19.996,15.86,2023-04-30
PTENGETF,FONDUL DESCHIS DE INVESTITII ETF ENERGIE PATRIA-TRADEVILLE,5,5.582,0.11,5.614,5.628,5.576,5.6047,17535,98278.71,99,5.582,4.903,2023-04-30
STK,STK EMERGENT,200,65.5,-0.76,65.5,65.5,65.5,65.5,2,131.0,1,74.0,59.0,2023-04-30
TVBETETF,FONDUL DESCHIS DE INVESTITII ETF BET PATRIA-TRADEVILLE,5,19.824,0.3,19.99,20.075,19.61,19.8909,29292,582647.096,326,19.996,15.86,2023-05-01
PTENGETF,FONDUL DESCHIS DE INVESTITII ETF ENERGIE PATRIA-TRADEVILLE,5,5.541,0.09,5.6,5.6,5.482,5.5472,8665,48067.212,61,5.582,4.903,2023-05-01
STK,STK EMERGENT,200,65.5,0.77,65.5,65.5,65.5,65.5,1,65.5,1,74.0,59.0,2023-05-01
TVBETETF,FONDUL DESCHIS DE INVESTITII ETF BET PATRIA-TRADEVILLE,5,20.0,0.1,20.055,20.055,19.926,19.9626,21859,436363.389,318,20.0,15.86,2023-05-02
PTENGETF,FONDUL DESCHIS DE INVESTITII ETF ENERGIE PATRIA-TRADEVILLE,5,5.59,0.4,5.65,5.65,5.56,5.5811,8759,48885.483,50,5.59,4.903,2023-05-02
STK,STK EMERGENT,200,66.0,0.76,65.5,66.0,65.5,65.503,162,10611.5,3,74.0,59.0,2023-05-02
TVBETETF,FONDUL DESCHIS DE INVESTITII ETF BET PATRIA-TRADEVILLE,5,20.07,1.64,20.065,20.07,20.0,20.0409,20191,404646.93,228,20.07,15.86,2023-05-03
PTENGETF,FONDUL DESCHIS DE INVESTITII ETF ENERGIE PATRIA-TRADEVILLE,5,5.623,0.59,5.63,5.63,5.59,5.6161,2066,11602.915,19,5.623,4.903,2023-05-03
TVBETETF,FONDUL DESCHIS DE INVESTITII ETF BET PATRIA-TRADEVILLE,5,20.11,1.74,20.1,20.185,20.05,20.1003,16315,327936.615,241,20.11,15.86,2023-05-04
PTENGETF,FONDUL DESCHIS DE INVESTITII ETF ENERGIE PATRIA-TRADEVILLE,5,5.62,-0.05,5.638,5.638,5.6,5.6293,2280,12834.996,33,5.623,4.903,2023-05-04
TVBETETF,FONDUL DESCHIS DE INVESTITII ETF BET PATRIA-TRADEVILLE,5,20.27,1.35,20.195,20.3,20.195,20.2512,18465,373939.31,189,20.27,15.86,2023-05-05
PTENGETF,FONDUL DESCHIS DE INVESTITII ETF ENERGIE PATRIA-TRADEVILLE,5,5.648,0.5,5.638,5.654,5.638,5.6441,2928,16526.101,25,5.648,4.903,2023-05-05
TVBETETF,FONDUL DESCHIS DE INVESTITII ETF BET PATRIA-TRADEVILLE,5,20.175,0.72,20.295,20.295,20.11,20.2091,17695,357601.56,243,20.27,15.86,2023-05-06
PTENGETF,FONDUL DESCHIS DE INVESTITII ETF ENERGIE PATRIA-TRADEVILLE,5,5.642,-0.11,5.666,5.666,5.64,5.6494,6110,34518.351,40,5.648,4.903,2023-05-06
TVBETETF,FONDUL DESCHIS DE INVESTITII ETF BET PATRIA-TRADEVILLE,5,20.02,-0.07,20.125,20.125,19.87,19.9561,23458,468130.557,263,20.27,15.86,2023-05-07
PTENGETF,FONDUL DESCHIS DE INVESTITII ETF ENERGIE PATRIA-TRADEVILLE,5,5.535,-1.21,5.642,5.642,5.535,5.5602,2280,12677.42,31,5.648,4.903,2023-05-07
TVBETETF,FONDUL DESCHIS DE INVESTITII ETF BET PATRIA-TRADEVILLE,5,20.04,0.92,20.28,20.28,20.0,20.0776,9141,183530.155,146,20.27,15.86,2023-05-08
PTENGETF,FONDUL DESCHIS DE INVESTITII ETF ENERGIE PATRIA-TRADEVILLE,5,5.6,1.17,5.538,5.602,5.535,5.5621,2715,15101.353,23,5.648,4.903,2023-05-08
TVBETETF,FONDUL DESCHIS DE INVESTITII ETF BET PATRIA-TRADEVILLE,5,20.235,2.02,20.04,20.265,20.0,20.1278,11475,230966.62,195,20.27,15.86,2023-05-09
PTENGETF,FONDUL DESCHIS DE INVESTITII ETF ENERGIE PATRIA-TRADEVILLE,5,5.61,0.18,5.63,5.63,5.6,5.6219,6584,37014.873,39,5.648,4.903,2023-05-09
TVBETETF,FONDUL DESCHIS DE INVESTITII ETF BET PATRIA-TRADEVILLE,5,20.18,-0.44,20.28,20.28,20.15,20.2003,13332,269311.385,207,20.27,15.86,2023-05-10
PTENGETF,FONDUL DESCHIS DE INVESTITII ETF ENERGIE PATRIA-TRADEVILLE,5,5.606,-0.07,5.65,5.65,5.59,5.5975,6514,36462.205,28,5.648,4.903,2023-05-10
TVBETETF,FONDUL DESCHIS DE INVESTITII ETF BET PATRIA-TRADEVILLE,5,20.4,1.27,20.18,20.4,20.0,20.2213,26518,536230.755,288,20.4,15.86,2023-05-11
PTENGETF,FONDUL DESCHIS DE INVESTITII ETF ENERGIE PATRIA-TRADEVILLE,5,5.615,0.16,5.61,5.632,5.6,5.6196,2359,13256.761,35,5.648,4.903,2023-05-11
TVBETETF,FONDUL DESCHIS DE INVESTITII ETF BET PATRIA-TRADEVILLE,5,20.325,0.35,20.31,20.36,20.3,20.3254,20729,421326.655,288,20.4,15.86,2023-05-12
PTENGETF,FONDUL DESCHIS DE INVESTITII ETF ENERGIE PATRIA-TRADEVILLE,5,5.593,-0.39,5.615,5.615,5.59,5.6002,4987,27928.529,43,5.648,4.903,2023-05-12
TVBETETF,FONDUL DESCHIS DE INVESTITII ETF BET PATRIA-TRADEVILLE,5,20.105,-0.98,20.36,20.36,19.966,20.1171,30747,618542.613,441,20.4,15.86,2023-05-13
PTENGETF,FONDUL DESCHIS DE INVESTITII ETF ENERGIE PATRIA-TRADEVILLE,5,5.45,-1.85,5.598,5.598,5.45,5.5111,7492,41289.892,57,5.648,4.903,2023-05-13
TVBETETF,FONDUL DESCHIS DE INVESTITII ETF BET PATRIA-TRADEVILLE,5,20.0,0.23,20.03,20.07,19.94,19.9869,17419,348152.011,357,20.4,15.86,2023-05-14
PTENGETF,FONDUL DESCHIS DE INVESTITII ETF ENERGIE PATRIA-TRADEVILLE,5,5.476,0.61,5.501,5.501,5.43,5.4702,3974,21738.745,36,5.648,4.903,2023-05-14
STK,STK EMERGENT,200,65.5,3.97,65.5,65.5,65.5,65.5,1,65.5,1,74.0,60.0,2023-05-14
TVBETETF,FONDUL DESCHIS DE INVESTITII ETF BET PATRIA-TRADEVILLE,5,19.6,1.37,19.336,19.6,19.336,19.4693,11210,218251.348,226,20.4,15.86,2023-05-15
PTENGETF,FONDUL DESCHIS DE INVESTITII ETF ENERGIE PATRIA-TRADEVILLE,5,5.369,0.86,5.32,5.369,5.255,5.2965,4032,21355.811,49,5.648,4.903,2023-05-15
TVBETETF,FONDUL DESCHIS DE INVESTITII ETF BET PATRIA-TRADEVILLE,5,19.794,1.05,19.8,20.0,19.71,19.7769,11113,219780.884,140,20.4,15.86,2023-05-16
PTENGETF,FONDUL DESCHIS DE INVESTITII ETF ENERGIE PATRIA-TRADEVILLE,5,5.411,0.78,5.37,5.411,5.37,5.3945,2736,14759.36,28,5.648,4.903,2023-05-16
TVBETETF,FONDUL DESCHIS DE INVESTITII ETF BET PATRIA-TRADEVILLE,5,19.97,0.83,19.974,19.974,19.61,19.8648,6862,136312.488,131,20.4,15.86,2023-05-17
PTENGETF,FONDUL DESCHIS DE INVESTITII ETF ENERGIE PATRIA-TRADEVILLE,5,5.419,1.04,5.39,5.42,5.39,5.4084,3338,18053.25,24,5.648,4.903,2023-05-17
TVBETETF,FONDUL DESCHIS DE INVESTITII ETF BET PATRIA-TRADEVILLE,5,19.976,0.03,19.97,19.988,19.7,19.9443,5020,100120.79,110,20.4,15.86,2023-05-18
PTENGETF,FONDUL DESCHIS DE INVESTITII ETF ENERGIE PATRIA-TRADEVILLE,5,5.441,0.41,5.433,5.445,5.36,5.4128,1544,8357.465,16,5.648,4.903,2023-05-18
TVBETETF,FONDUL DESCHIS DE INVESTITII ETF BET PATRIA-TRADEVILLE,5,19.914,-0.31,19.61,19.968,19.61,19.8214,6264,124161.644,135,20.4,15.86,2023-05-19
PTENGETF,FONDUL DESCHIS DE INVESTITII ETF ENERGIE PATRIA-TRADEVILLE,5,5.425,-0.29,5.37,5.442,5.37,5.424,3029,16429.497,26,5.648,4.903,2023-05-19
TVBETETF,FONDUL DESCHIS DE INVESTITII ETF BET PATRIA-TRADEVILLE,5,19.968,0.27,19.964,19.978,19.91,19.9401,14781,294735.956,160,20.4,15.86,2023-05-20
PTENGETF,FONDUL DESCHIS DE INVESTITII ETF ENERGIE PATRIA-TRADEVILLE,5,5.442,0.31,5.444,5.444,5.43,5.4375,881,4790.458,11,5.648,4.903,2023-05-20
TVBETETF,FONDUL DESCHIS DE INVESTITII ETF BET PATRIA-TRADEVILLE,5,20.29,0.97,20.35,20.35,20.2,20.2524,22616,458029.03,266,20.4,15.86,2023-05-21
PTENGETF,FONDUL DESCHIS DE INVESTITII ETF ENERGIE PATRIA-TRADEVILLE,5,5.574,0.5,5.539,5.577,5.52,5.5548,3856,21419.573,29,5.648,4.903,2023-05-21
TVBETETF,FONDUL DESCHIS DE INVESTITII ETF BET PATRIA-TRADEVILLE,5,20.1,-0.35,20.3,20.3,20.05,20.168,17351,349936.545,295,20.4,15.86,2023-05-22
PTENGETF,FONDUL DESCHIS DE INVESTITII ETF ENERGIE PATRIA-TRADEVILLE,5,5.584,0.87,5.6,5.6,5.559,5.5761,2729,15217.443,26,5.648,4.903,2023-05-22
TVBETETF,FONDUL DESCHIS DE INVESTITII ETF BET PATRIA-TRADEVILLE,5,20.395,1.47,20.25,20.395,20.0,20.2105,21784,440267.49,233,20.4,15.86,2023-05-23
PTENGETF,FONDUL DESCHIS DE INVESTITII ETF ENERGIE PATRIA-TRADEVILLE,5,5.619,0.63,5.598,5.619,5.593,5.6039,3699,20728.847,13,5.648,4.903,2023-05-23
TVBETETF,FONDUL DESCHIS DE INVESTITII ETF BET PATRIA-TRADEVILLE,5,20.5,0.51,20.4,20.665,20.395,20.4383,40785,833578.675,244,20.5,15.86,2023-05-24
PTENGETF,FONDUL DESCHIS DE INVESTITII ETF ENERGIE PATRIA-TRADEVILLE,5,5.659,0.71,5.63,5.661,5.63,5.6435,2078,11727.303,29,5.659,4.903,2023-05-24
TVBETETF,FONDUL DESCHIS DE INVESTITII ETF BET PATRIA-TRADEVILLE,5,20.93,-0.1,20.74,20.93,20.74,20.8088,12751,265333.885,253,20.93,15.86,2023-05-25
PTENGETF,FONDUL DESCHIS DE INVESTITII ETF ENERGIE PATRIA-TRADEVILLE,5,5.697,0.67,5.669,5.697,5.66,5.6713,9519,53985.881,42,5.697,4.903,2023-05-25
TVBETETF,FONDUL DESCHIS DE INVESTITII ETF BET PATRIA-TRADEVILLE,5,20.95,-0.19,20.93,20.95,20.92,20.9441,27187,569407.815,444,20.95,15.86,2023-05-26
PTENGETF,FONDUL DESCHIS DE INVESTITII ETF ENERGIE PATRIA-TRADEVILLE,5,5.715,0.32,5.7,5.73,5.7,5.7131,4753,27154.656,53,5.715,4.903,2023-05-26
